"GEO_NAME","bg_id"
"Plymouth","270530265082"
"Plymouth","270530265083"
"Plymouth","270530265091"
"Plymouth","270530265101"
"Stillwater","271630704042"
"Plymouth","270530265102"
"Plymouth","270530265111"
"Maple Grove","270530267085"
"Plymouth","270530266061"
"Plymouth","270530266062"
"Plymouth","270530266092"
"Plymouth","270530266101"
"Maple Grove","270530267062"
"Maple Grove","270530267063"
"Maple Grove","270530267081"
"Maple Grove","270530267082"
"Maple Grove","270530267111"
"Maple Grove","270530267122"
"Golden Valley","270530216022"
"Mendota Heights","270370606051"
"West St. Paul","270370601042"
"West St. Paul","270370601051"
"Minneapolis","270531052042"
"Minneapolis","270531056004"
"Minneapolis","270531256002"
"Minneapolis","270531109002"
"Minneapolis","270531115001"
"Eden Prairie","270530260212"
"Minneapolis","270531044002"
"Minneapolis","270531260003"
"Minneapolis","270530117043"
"Minneapolis","270531105002"
"Plymouth","270530266103"
"Plymouth","270530265141"
"Minnetonka","270530261042"
"Minneapolis","270531064001"
"Brooklyn Park","270530268114"
"Greenfield","270530270011"
"Minneapolis","270531057003"
"Minneapolis","270531057001"
"Minneapolis","270531052011"
"Minneapolis","270531025002"
"Bloomington","270531255003"
"Maple Grove","270530267072"
"Minneapolis","270531259003"
"Plymouth","270530265113"
"Brooklyn Park","270530268123"
"Stillwater","271630705013"
"Cottage Grove","271630712091"
"Forest Lake","271630701073"
"Hugo","271630702043"
"Hugo","271630702083"
"Cottage Grove","271630712102"
"Cottage Grove","271630712075"
"Hugo","271630702045"
"Woodbury","271630710013"
"Woodbury","271630710134"
"Woodbury","271630710163"
"Woodbury","271630710222"
"Cottage Grove","271630712071"
"Cottage Grove","271630712084"
"Lake Elmo","271630704064"
"Cottage Grove","271630712101"
"Oakdale","271630709064"
"Woodbury","271630710242"
"Stillwater","271630704043"
"Stillwater Twp.","271630704043"
"Hugo","271630702073"
"Forest Lake","271630701083"
"Mahtomedi","271630703034"
"Baytown Twp.","271630707063"
"Stillwater","271630706042"
"Oakdale","271630709104"
"Cottage Grove","271630712111"
"Woodbury","271630710192"
"Woodbury","271630710233"
"Woodbury","271630710193"
"Forest Lake","271630701082"
"Cottage Grove","271630712104"
"Forest Lake","271630701081"
"Woodbury","271630710194"
"Woodbury","271630710191"
"Woodbury","271630710196"
"Cottage Grove","271630712113"
"St. Paul Park","271630713003"
"Hugo","271630702081"
"Grant","271630704034"
"Lake Elmo","271630704053"
"Oakdale","271630709063"
"West Lakeland Twp.","271630707053"
"West Lakeland Twp.","271630707051"
"Oakdale","271630709094"
"West Lakeland Twp.","271630707052"
"Lakeland","271630711011"
"Woodbury","271630710213"
"Woodbury","271630710211"
"Woodbury","271630710202"
"Woodbury","271630710231"
"Woodbury","271630710234"
"Stillwater","271630706043"
"Baytown Twp.","271630707061"
"Stillwater","271630706031"
"Stillwater","271630706041"
"Forest Lake","271630701072"
"Hugo","271630702071"
"Woodbury","271630710063"
"Woodbury","271630710253"
"Woodbury","271630710103"
"Woodbury","271630710122"
"Oak Park Heights","271630707033"
"Hugo","271630702072"
"Oak Park Heights","271630707062"
"Cottage Grove","271630712093"
"Cottage Grove","271630712094"
"Hugo","271630702044"
"Woodbury","271630710124"
"Woodbury","271630710143"
"Woodbury","271630710104"
"Woodbury","271630710221"
"Woodbury","271630710252"
"Woodbury","271630710251"
"Woodbury","271630710254"
"Landfall","271630709103"
"Woodbury","271630710195"
"Woodbury","271630710232"
"Oakdale","271630709074"
"Oakdale","271630709091"
"Hugo","271630702082"
"Oakdale","271630709106"
"Woodbury","271630710201"
"Woodbury","271630710212"
"Stillwater","271630706032"
"Cottage Grove","271630712074"
"Forest Lake","271630701071"
"Oakdale","271630709105"
"Woodbury","271630710064"
"Woodbury","271630710142"
"Cottage Grove","271630712103"
"Woodbury","271630710241"
"Cottage Grove","271630712112"
"Bloomington","270530259082"
"Bloomington","270530254014"
"Bloomington","270530252014"
"Bloomington","270530259083"
"Maple Grove","270530267201"
"Bloomington","270530254034"
"Maple Grove","270530267192"
"Hanover","270530269125"
"St. Paul","271230361002"
"Roseville","271230413024"
"St. Paul","271230342016"
"St. Paul","271230342015"
"Roseville","271230413023"
"St. Paul","271230327003"
"St. Paul","271230428003"
"Shakopee","271390803055"
"Shakopee","271390803052"
"Shakopee","271390807003"
"Jackson Twp.","271390807003"
"Prior Lake","271390809054"
"Louisville Twp.","271390808021"
"Shakopee","271390803032"
"Shakopee","271390803031"
"Belle Plaine Twp.","271390813021"
"Belle Plaine","271390813021"
"St. Lawrence Twp.","271390813022"
"Belle Plaine Twp.","271390813022"
"Belle Plaine","271390813022"
"Jordan","271390813022"
"Sand Creek Twp.","271390813022"
"Shakopee","271390803062"
"Shakopee","271390803073"
"Jordan","271390808014"
"Shakopee","271390803051"
"Jordan","271390808012"
"Jordan","271390808022"
"Sand Creek Twp.","271390808022"
"Savage","271390802082"
"Spring Lake Twp.","271390810013"
"Prior Lake","271390809034"
"Savage","271390802081"
"Spring Lake Twp.","271390810011"
"Helena Twp.","271390812004"
"Cedar Lake Twp.","271390811012"
"Belle Plaine","271390813024"
"New Prague","271390812006"
"New Prague","271390812005"
"Cedar Lake Twp.","271390811013"
"Savage","271390802061"
"Savage","271390802093"
"New Market Twp.","271390811033"
"Elko New Market","271390811033"
"Savage","271390802094"
"Savage","271390802062"
"Jordan","271390808011"
"Prior Lake","271390809071"
"New Market Twp.","271390811035"
"Elko New Market","271390811035"
"Credit River","271390810022"
"Savage","271390802071"
"Savage","271390802063"
"Belle Plaine Twp.","271390813011"
"Shakopee","271390806004"
"Spring Lake Twp.","271390810015"
"Shakopee","271390806003"
"Shakopee","271390803045"
"Shakopee","271390803033"
"Shakopee","271390803061"
"Shakopee","271390803046"
"Shakopee","271390803042"
"Shakopee","271390803041"
"New Prague","271390812003"
"Helena Twp.","271390812003"
"Credit River","271390810014"
"Credit River","271390810023"
"Credit River","271390810021"
"Shakopee","271390803054"
"Belle Plaine Twp.","271390813025"
"Belle Plaine","271390813025"
"Belle Plaine Twp.","271390813012"
"Belle Plaine","271390813012"
"Jordan","271390808013"
"Belle Plaine","271390813023"
"New Market Twp.","271390811021"
"Prior Lake","271390809083"
"Spring Lake Twp.","271390809083"
"Savage","271390802023"
"Prior Lake","271390810012"
"Spring Lake Twp.","271390810012"
"Shakopee","271390809035"
"Prior Lake","271390809035"
"Shakopee","271390803043"
"Shakopee","271390803071"
"Prior Lake","271390809072"
"Cedar Lake Twp.","271390811011"
"Savage","271390802072"
"Prior Lake","271390809082"
"Elko New Market","271390811032"
"Prior Lake","271390809053"
"Prior Lake","271390809081"
"Credit River","271390809064"
"Savage","271390802091"
"Shakopee","271390803074"
"Shakopee","271390803053"
"Shakopee","271390803044"
"Shakopee","271390803072"
"New Market Twp.","271390811022"
"New Market Twp.","271390811034"
"Elko New Market","271390811034"
"New Market Twp.","271390811031"
"Elko New Market","271390811031"
"Savage","271390802092"
"Louisville Twp.","271390807002"
"Shakopee","271390807002"
"Jackson Twp.","271390807002"
"Rogers","270530269124"
"Medina","270530271016"
"Rogers","270530269122"
"Plymouth","270530265162"
"New Hope","270530215035"
"Plymouth","270530265074"
"Plymouth","270530266151"
"Maple Grove","270530267213"
"Plymouth","270530266142"
"Eden Prairie","270530260264"
"Minnetonka","270530264051"
"Minnetonka","270530264062"
"Brooklyn Center","270530202013"
"Brooklyn Center","270530202021"
"Maple Grove","270530267073"
"Brooklyn Park","270530268283"
"Brooklyn Park","270530268272"
"Brooklyn Park","270530268193"
"Eden Prairie","270530260064"
"Hopkins","270530232011"
"Brooklyn Center","270530202025"
"Minneapolis","270531262011"
"Maple Grove","270530267251"
"Brooklyn Center","270530204004"
"Brooklyn Center","270530204005"
"Maple Grove","270530267261"
"Maple Grove","270530267252"
"Maple Grove","270530267263"
"Minneapolis","270530001014"
"Minneapolis","270531016004"
"Minneapolis","270531263001"
"Minneapolis","270530032001"
"Edina","270530239012"
"Minneapolis","270531016003"
"Maple Grove","270530267253"
"Brooklyn Park","270530268262"
"Shorewood","270530275043"
"Minneapolis","270531048022"
"Bloomington","270530259065"
"Champlin","270530269034"
"Plymouth","270530266143"
"Maple Grove","270530267232"
"Minneapolis","270530006032"
"Minneapolis","270531263004"
"Minneapolis","270531041003"
"St. Louis Park","270530228023"
"Plymouth","270530265164"
"Medicine Lake","270530265164"
"Minneapolis","270531263002"
"Minneapolis","270531030002"
"Minneapolis","270531262013"
"Dayton","270530269105"
"Minneapolis","270531026004"
"Minneapolis","270531031002"
"Orono","270530272052"
"Minneapolis","270531262021"
"Minneapolis","270531261024"
"Minneapolis","270531030003"
"Minnetrista","270530277033"
"Minneapolis","270531258004"
"Minneapolis","270531052013"
"Brooklyn Park","270530268261"
"Minneapolis","270531261012"
"Minneapolis","270531261021"
"Excelsior","270530275012"
"Minneapolis","270531052043"
"Richfield","270530249041"
"Minneapolis","270530006015"
"Minneapolis","270530068004"
"Minneapolis","270531069003"
"Minneapolis","270530038021"
"Minneapolis","270530038022"
"Minneapolis","270531040013"
"Hopkins","270530234022"
"Plymouth","270530265093"
"Brooklyn Park","270530268242"
"Eden Prairie","270530260154"
"Eden Prairie","270530260155"
"Bloomington","270530259093"
"Bloomington","270530257043"
"Bloomington","270530257044"
"Bloomington","270530257042"
"Bloomington","270530257041"
"Minneapolis","270531040011"
"Minneapolis","270531049022"
"Minneapolis","270531049024"
"Maple Grove","270530267171"
"Maple Grove","270530267193"
"Eden Prairie","270530260251"
"Minneapolis","270531049025"
"Minneapolis","270531026003"
"Hopkins","270530234021"
"St. Anthony","270530201023"
"Richfield","270530246004"
"Minneapolis","270531054003"
"Minneapolis","270530059023"
"Minneapolis","270531261022"
"Bloomington","270530251001"
"St. Louis Park","270530230002"
"Minneapolis","270530006033"
"St. Louis Park","270530230004"
"Minneapolis","270530120014"
"Minneapolis","270530120013"
"Richfield","270530241004"
"Minneapolis","270531048011"
"Minnetonka","270530264033"
"Minnetonka","270530264031"
"Minneapolis","270531048012"
"Minneapolis","270531049011"
"Dayton","270530269103"
"St. Louis Park","270530229015"
"St. Louis Park","270530229012"
"Minneapolis","270530120011"
"Orono","270530272051"
"Crystal","270530210022"
"Crystal","270530210023"
"Minneapolis","270530003003"
"Greenwood","270530275015"
"Brooklyn Park","270530268244"
"Minnetonka","270530264044"
"Eden Prairie","270530260204"
"Eden Prairie","270530260242"
"Eden Prairie","270530260271"
"Eden Prairie","270530260272"
"Maple Grove","270530267202"
"Bloomington","270530259081"
"Bloomington","270531255004"
"Bloomington","270530252015"
"Maple Grove","270530267231"
"Bloomington","270530259084"
"Bloomington","270530257026"
"Bloomington","270531255001"
"Rogers","270530269112"
"Bloomington","270530258013"
"Bloomington","270530253024"
"Bloomington","270530254032"
"Maple Grove","270530267221"
"Maple Grove","270530267223"
"Rogers","270530269126"
"Wayzata","270530273003"
"Independence","270530270025"
"Corcoran","270530271025"
"Corcoran","270530271022"
"Rogers","270530269111"
"Maple Grove","270530267172"
"Dayton","270530269104"
"Maple Grove","270530267182"
"Rogers","270530269113"
"Dayton","270530269101"
"Brooklyn Park","270530268077"
"Brooklyn Park","270530268163"
"Brooklyn Park","270530268164"
"Hopkins","270530234013"
"Eden Prairie","270530260194"
"Medina","270530271014"
"Rogers","270530269123"
"Maple Grove","270530267244"
"Orono","270530272041"
"Maple Grove","270530267191"
"Medina","270530271015"
"Plymouth","270530266162"
"Maple Grove","270530267173"
"Maple Grove","270530267203"
"Maple Grove","270530267194"
"Maple Grove","270530267075"
"Maple Grove","270530267181"
"Maple Grove","270530267233"
"Plymouth","270530266164"
"Plymouth","270530266161"
"Plymouth","270530266152"
"Orono","270530272042"
"Minneapolis","270531087001"
"Plymouth","270530265161"
"Minneapolis","270531040012"
"New Hope","270530215032"
"Brooklyn Park","270530268124"
"Brooklyn Park","270530268093"
"Rogers","270530269121"
"St. Bonifacius","270530277022"
"Champlin","270530269073"
"Golden Valley","270530216014"
"Plymouth","270530265053"
"Plymouth","270530265073"
"Minnetonka","270530264052"
"Champlin","270530269071"
"Maple Grove","270530267083"
"Maple Grove","270530267084"
"Eden Prairie","270530260062"
"Maple Grove","270530267212"
"Maple Grove","270530267211"
"Maple Grove","270530267243"
"Hopkins","270530232021"
"Plymouth","270530266172"
"Plymouth","270530266171"
"Minnetonka","270530264053"
"St. Louis Park","270530222005"
"Brooklyn Center","270530204002"
"Brooklyn Park","270530268146"
"Brooklyn Center","270530202011"
"Plymouth","270530265092"
"Maple Grove","270530267074"
"Plymouth","270530266104"
"Minnetonka","270530263013"
"Minneapolis","270531263003"
"Maple Grove","270530267262"
"Brooklyn Park","270530268281"
"Brooklyn Park","270530268271"
"Maple Grove","270530267241"
"Eden Prairie","270530260054"
"Eden Prairie","270530260145"
"Brooklyn Center","270530202023"
"Brooklyn Center","270530202024"
"Brooklyn Center","270530202022"
"Minnetrista","270530277031"
"Deephaven","270530274005"
"Hopkins","270530233003"
"Hopkins","270530233005"
"Hopkins","270530232012"
"Minnetrista","270530277011"
"St. Bonifacius","270530277021"
"Minnetrista","270530277013"
"Maple Grove","270530267174"
"Eden Prairie","270530260131"
"Eden Prairie","270530260144"
"Eden Prairie","270530260134"
"Plymouth","270530265145"
"Minnetonka","270530264061"
"Hopkins","270530232023"
"Eden Prairie","270530260233"
"Brooklyn Park","270530268263"
"Brooklyn Park","270530268251"
"Minnetrista","270530277034"
"Maple Plain","270530270024"
"Minnetrista","270530277012"
"Mound","270530276012"
"Plymouth","270530265142"
"Plymouth","270530266141"
"Plymouth","270530265152"
"Plymouth","270530266163"
"Hopkins","270530234012"
"Eden Prairie","270530260072"
"Champlin","270530269065"
"Brooklyn Park","270530268243"
"Plymouth","270530265151"
"Brooklyn Park","270530268282"
"Eden Prairie","270530260213"
"Eden Prairie","270530260252"
"Eden Prairie","270530260152"
"Eden Prairie","270530260203"
"Eden Prairie","270530260191"
"Eden Prairie","270530260232"
"Bloomington","270530257032"
"Bloomington","270530256034"
"Bloomington","270530259091"
"Bloomington","270530257031"
"Bloomington","270530259092"
"Eden Prairie","270530260262"
"Eden Prairie","270530260281"
"Bloomington","270530252013"
"Bloomington","270530252016"
"Bloomington","270530257025"
"Minneapolis","270531040023"
"Minneapolis","270531049023"
"Minneapolis","270531040024"
"Minneapolis","270530119982"
"Minneapolis","270530119984"
"Minneapolis","270531049021"
"Fort Snelling (unorg.)","270539801002"
"Fort Snelling (unorg.)","270539801001"
"Minneapolis","270530121023"
"Eden Prairie","270530260263"
"Brooklyn Park","270530268252"
"Plymouth","270530266153"
"Eden Prairie","270530260193"
"Maple Grove","270530267242"
"Eden Prairie","270530260261"
"Brooklyn Park","270530268224"
"Minnetonka","270530264063"
"Brooklyn Park","270530268241"
"Edina","270530239014"
"Minneapolis","270530006013"
"Minneapolis","270531048023"
"Brooklyn Park","270530268234"
"Hopkins","270530234011"
"Shorewood","270530275044"
"Minneapolis","270531065004"
"Minneapolis","270530120035"
"Richfield","270530247004"
"Richfield","270530249042"
"Richfield","270530249043"
"Minneapolis","270531256003"
"Minneapolis","270531262022"
"Minneapolis","270531040021"
"Minneapolis","270531262012"
"Minnetrista","270530277032"
"Minneapolis","270531037004"
"Minneapolis","270530038011"
"Minneapolis","270530038012"
"Minneapolis","270531261023"
"Minneapolis","270531262023"
"Minneapolis","270531261025"
"Minneapolis","270531262024"
"Minneapolis","270531261011"
"Minneapolis","270530120015"
"Minneapolis","270531261013"
"Minneapolis","270531036003"
"Minneapolis","270531044003"
"Plymouth","270530265163"
"Minneapolis","270530006014"
"Minneapolis","270531067001"
"Minneapolis","270531070002"
"Brooklyn Center","270530202012"
"Minneapolis","270531049012"
"Hopkins","270530232022"
"Bloomington","270530256013"
"Minneapolis","270530059013"
"Minneapolis","270531040022"
"Minneapolis","270531048021"
"Brooklyn Park","270530268233"
"St. Louis Park","270530228022"
"St. Louis Park","270530229014"
"Richfield","270530241003"
"Minneapolis","270530120032"
"Richfield","270530244003"
"Edina","270530235014"
"Bloomington","270530251004"
"Minneapolis","270530085003"
"Brooklyn Park","270530268253"
"Eden Prairie","270530260241"
"Eden Prairie","270530260231"
"Eden Prairie","270530260282"
"Maple Grove","270530267222"
"St. Louis Park","270531225001"
"St. Louis Park","270531225002"
"Andover","270030502081"
"Andover","270030502221"
"Coon Rapids","270030507113"
"Columbia Heights","270030513042"
"Blaine","270030508163"
"East Bethel","270030501112"
"East Bethel","270030501113"
"Columbia Heights","270030514001"
"Blaine","270030508081"
"Lino Lakes","270030502331"
"Coon Rapids","270030507043"
"Fridley","270030512012"
"Blaine","270030508101"
"Fridley","270030511031"
"Coon Rapids","270030507112"
"Columbia Heights","270030513041"
"Linwood Twp.","270030516002"
"Coon Rapids","270030507121"
"Coon Rapids","270030507124"
"East Bethel","270030501091"
"Hugo","271630702041"
"Hugo","271630702042"
"Columbia Heights","270030514003"
"Fridley","270030511014"
"Andover","270030502202"
"Coon Rapids","270030507073"
"Columbia Heights","270030514004"
"East Bethel","270030501092"
"East Bethel","270030501093"
"East Bethel","270030501094"
"East Bethel","270030501102"
"East Bethel","270030501111"
"Scandia","271630702052"
"May Twp.","271630702063"
"Dellwood","271630703012"
"Grant","271630703012"
"White Bear Lake","271630703032"
"Mahtomedi","271630703032"
"St. Paul","271230301004"
"St. Paul","271230301005"
"St. Paul","271230302011"
"St. Paul","271230302021"
"St. Paul","271230302013"
"St. Paul","271230301003"
"St. Paul","271230302014"
"St. Paul","271230303001"
"St. Paul","271230303002"
"St. Paul","271230303003"
"Mahtomedi","271630703042"
"St. Paul","271230304001"
"St. Paul","271230304002"
"St. Paul","271230304003"
"St. Paul","271230305001"
"St. Paul","271230305003"
"St. Paul","271230306011"
"Mahtomedi","271630703043"
"Grant","271630704032"
"Grant","271630704033"
"Grant","271630704031"
"Stillwater Twp.","271630704041"
"Lake St. Croix Beach","271630711012"
"St. Marys Point","271630711012"
"Lake Elmo","271630704061"
"Lake Elmo","271630704062"
"Deephaven","270530274002"
"Deephaven","270530274003"
"Deephaven","270530274004"
"Tonka Bay","270530275011"
"Excelsior","270530275014"
"Shorewood","270530275032"
"Shorewood","270530275034"
"Shorewood","270530275033"
"Shorewood","270530275042"
"Mound","270530276011"
"Mound","270530276013"
"Mound","270530276021"
"Mound","270530276022"
"Mound","270530276024"
"Mound","270530276025"
"Minneapolis","270531036001"
"Minneapolis","270531036002"
"Minneapolis","270531037001"
"Minneapolis","270531039001"
"Mound","270530276026"
"Minneapolis","270531025001"
"Minneapolis","270531026001"
"Minneapolis","270531026002"
"Minneapolis","270531028001"
"Minneapolis","270531028002"
"Minneapolis","270531030001"
"Minneapolis","270531031001"
"Minneapolis","270531034001"
"Minneapolis","270531034002"
"Minneapolis","270531034003"
"Maple Grove","270530267131"
"Maple Grove","270530267132"
"Maple Grove","270530267133"
"Maple Grove","270530267134"
"Minneapolis","270531041002"
"Minneapolis","270531044001"
"Minneapolis","270531002002"
"Minneapolis","270531002001"
"Minneapolis","270531004003"
"Minneapolis","270531005001"
"Minneapolis","270531005002"
"Minneapolis","270531007002"
"Minneapolis","270531008004"
"Minneapolis","270531009001"
"Minneapolis","270531009002"
"Minneapolis","270531009003"
"Minneapolis","270531012001"
"Minneapolis","270531012004"
"Brooklyn Park","270530268071"
"Brooklyn Park","270530268075"
"Brooklyn Park","270530268091"
"Minneapolis","270531013001"
"Minneapolis","270531257001"
"Minneapolis","270531016001"
"Minneapolis","270531018001"
"Minneapolis","270531018002"
"Minneapolis","270531019001"
"Minneapolis","270531019002"
"Minneapolis","270531019003"
"Minneapolis","270531021001"
"Minneapolis","270531021002"
"Minneapolis","270531021003"
"Brooklyn Park","270530268112"
"Brooklyn Park","270530268113"
"Brooklyn Park","270530268141"
"Brooklyn Park","270530268142"
"Brooklyn Park","270530268143"
"Brooklyn Park","270530268144"
"Brooklyn Park","270530268145"
"Brooklyn Park","270530268151"
"Brooklyn Park","270530268152"
"Brooklyn Park","270530268153"
"Brooklyn Park","270530268161"
"Brooklyn Park","270530268162"
"Brooklyn Park","270530268165"
"Brooklyn Park","270530268181"
"Brooklyn Park","270530268182"
"Brooklyn Park","270530268221"
"Champlin","270530269032"
"Champlin","270530269033"
"Champlin","270530269061"
"Champlin","270530269062"
"Champlin","270530269063"
"Champlin","270530269072"
"Champlin","270530269081"
"Champlin","270530269082"
"Champlin","270530269083"
"Dayton","270530269102"
"Maple Plain","270530270021"
"Independence","270530270022"
"Independence","270530270023"
"Medina","270530271011"
"Medina","270530271012"
"Loretto","270530271013"
"Corcoran","270530271021"
"Corcoran","270530271023"
"Corcoran","270530271024"
"Long Lake","270530272021"
"Long Lake","270530272022"
"Orono","270530272032"
"Wayzata","270530273002"
"Wayzata","270530273004"
"Minneapolis","270531115005"
"Minneapolis","270531115003"
"Minneapolis","270531116001"
"Minneapolis","270531116002"
"Minneapolis","270531116003"
"Minneapolis","270531116004"
"Minneapolis","270531091003"
"Minneapolis","270531091004"
"Minneapolis","270531091005"
"Minneapolis","270531092002"
"Minneapolis","270531093002"
"Minneapolis","270531094001"
"Minneapolis","270531094002"
"Minneapolis","270531097001"
"Minneapolis","270531097002"
"Minneapolis","270531098001"
"Minneapolis","270531098003"
"Minneapolis","270531098004"
"Minneapolis","270531098005"
"Minneapolis","270531099002"
"Minneapolis","270531099004"
"Minneapolis","270531100001"
"Minneapolis","270531090002"
"Minneapolis","270531091001"
"Minneapolis","270531055001"
"Minneapolis","270531055004"
"Minneapolis","270531060001"
"Minneapolis","270531054001"
"Minneapolis","270531060002"
"Minneapolis","270531062002"
"Minneapolis","270531065003"
"Minneapolis","270531111002"
"Minneapolis","270531111004"
"Minneapolis","270531112001"
"Minneapolis","270531112002"
"Minneapolis","270531112003"
"Minneapolis","270531113001"
"Minneapolis","270531113002"
"Minneapolis","270531113003"
"Minneapolis","270531113005"
"Minneapolis","270531111003"
"Minneapolis","270531114001"
"Minneapolis","270531114002"
"Minneapolis","270531114003"
"Minneapolis","270531114004"
"Minneapolis","270531066001"
"Minneapolis","270531066002"
"Minneapolis","270531074001"
"Minneapolis","270531074002"
"Minneapolis","270531075002"
"Minneapolis","270531076001"
"Minneapolis","270531258001"
"Minneapolis","270531076002"
"Minneapolis","270531076003"
"Minneapolis","270531080001"
"Minneapolis","270531080002"
"Minneapolis","270531080003"
"Minneapolis","270531080004"
"Minneapolis","270531086001"
"Minneapolis","270531086002"
"Minneapolis","270531086003"
"Minneapolis","270531087003"
"Minneapolis","270531088001"
"Minneapolis","270531088002"
"Minneapolis","270531088003"
"Minneapolis","270531088004"
"Minneapolis","270531089001"
"Minneapolis","270531051002"
"Minneapolis","270531051003"
"Minneapolis","270531052041"
"Minneapolis","270531102004"
"Minneapolis","270531104001"
"Minneapolis","270531104002"
"Minneapolis","270531100002"
"Minneapolis","270531101001"
"Minneapolis","270531101003"
"Minneapolis","270531102002"
"Minneapolis","270531105003"
"Minneapolis","270531105004"
"Minneapolis","270531105005"
"Minneapolis","270531105001"
"Minneapolis","270531109003"
"Minneapolis","270531109001"
"Minneapolis","270531111001"
"Minneapolis","270531067002"
"Minneapolis","270531070001"
"Minneapolis","270531070003"
"Minneapolis","270531260001"
"Fridley","270030512062"
"Columbia Heights","270030513021"
"Columbia Heights","270030513022"
"Columbia Heights","270030513023"
"Columbia Heights","270030513051"
"Columbia Heights","270030513052"
"Hilltop","270030513053"
"Columbia Heights","270030514002"
"Columbia Heights","270030515011"
"Columbia Heights","270030515012"
"Columbia Heights","270030515021"
"Oak Grove","270030501154"
"Nowthen","270030501162"
"Andover","270030502082"
"Coon Rapids","270030507114"
"Coon Rapids","270030507122"
"Coon Rapids","270030507123"
"Blaine","270030508071"
"Blaine","270030508073"
"Columbus","270030502102"
"Columbus","270030502103"
"Columbus","270030502104"
"Ham Lake","270030502151"
"Coon Rapids","270030507061"
"Blaine","270030508162"
"Lexington","270030509011"
"Ham Lake","270030502162"
"Ham Lake","270030502163"
"Andover","270030502172"
"Andover","270030502182"
"Andover","270030502191"
"Fridley","270030511013"
"Fridley","270030511023"
"Fridley","270030511033"
"Fridley","270030512011"
"Fridley","270030512013"
"Fridley","270030512021"
"Fridley","270030512031"
"Fridley","270030512032"
"Minneapolis","270530059012"
"Minneapolis","270530059021"
"Minneapolis","270530059022"
"Minneapolis","270530068003"
"Minneapolis","270531259001"
"Minneapolis","270530077001"
"Minneapolis","270530077002"
"Minneapolis","270530078011"
"Minneapolis","270530078012"
"Minneapolis","270530081001"
"Minneapolis","270530081004"
"Minneapolis","270530082001"
"Minneapolis","270530082002"
"Minneapolis","270530082003"
"Minneapolis","270530083002"
"Minneapolis","270530084001"
"Andover","270030502192"
"Andover","270030502201"
"Minneapolis","270530095002"
"Minneapolis","270530095003"
"Minneapolis","270530096001"
"Minneapolis","270530096003"
"Minneapolis","270530096004"
"Minneapolis","270530085004"
"Minneapolis","270530106001"
"Minneapolis","270530106003"
"Minneapolis","270530107002"
"Minneapolis","270530107003"
"Minneapolis","270530110001"
"Minneapolis","270530110003"
"Minneapolis","270530117031"
"Andover","270030502204"
"Andover","270030502222"
"Andover","270030502223"
"Andover","270030502224"
"Coon Rapids","270030506062"
"Minneapolis","270530117032"
"Minneapolis","270530117034"
"Minneapolis","270530117035"
"Minneapolis","270530117041"
"Minneapolis","270530117042"
"Minneapolis","270530118001"
"Minneapolis","270530118002"
"Minneapolis","270530118004"
"Minneapolis","270530119981"
"Minneapolis","270530119985"
"Minneapolis","270530120012"
"Minneapolis","270530120036"
"Minneapolis","270530120031"
"Minneapolis","270530121012"
"Minneapolis","270530121013"
"Minneapolis","270530121022"
"St. Anthony","270530201011"
"St. Anthony","270530201012"
"St. Anthony","270530201013"
"St. Anthony","270530201022"
"Robbinsdale","270530211001"
"Robbinsdale","270530211002"
"Robbinsdale","270530212001"
"Ramsey","270030502241"
"Ramsey","270030502242"
"Robbinsdale","270530212002"
"Robbinsdale","270530212003"
"Robbinsdale","270530212004"
"Robbinsdale","270530213001"
"Robbinsdale","270530213002"
"Robbinsdale","270530213003"
"Robbinsdale","270530213004"
"Ramsey","270030502261"
"Coon Rapids","270030507062"
"Coon Rapids","270030507063"
"Coon Rapids","270030507091"
"Coon Rapids","270030507092"
"Coon Rapids","270030507101"
"Coon Rapids","270030507102"
"Coon Rapids","270030507104"
"Coon Rapids","270030507111"
"Brooklyn Center","270530203012"
"Brooklyn Center","270530203022"
"Brooklyn Center","270530203031"
"Brooklyn Center","270530203032"
"Brooklyn Center","270530203033"
"Brooklyn Center","270530203041"
"Brooklyn Center","270530203042"
"Brooklyn Center","270530203043"
"Brooklyn Center","270530204003"
"Brooklyn Center","270530205001"
"Robbinsdale","270530214003"
"New Hope","270530215011"
"New Hope","270530215012"
"New Hope","270530215013"
"New Hope","270530215021"
"New Hope","270530215022"
"New Hope","270530215023"
"New Hope","270530215031"
"New Hope","270530215033"
"Robbinsdale","270530214002"
"Ramsey","270030502281"
"Ramsey","270030502282"
"Lino Lakes","270030502291"
"Coon Rapids","270030506051"
"Coon Rapids","270030506052"
"Coon Rapids","270030506053"
"Lino Lakes","270030502361"
"Brooklyn Center","270530205002"
"Brooklyn Center","270530206001"
"Crystal","270530207001"
"Crystal","270530207002"
"Crystal","270530207003"
"Crystal","270530208012"
"Crystal","270530208041"
"Crystal","270530208043"
"Crystal","270530209021"
"Crystal","270530210011"
"Crystal","270530210012"
"Crystal","270530210014"
"Crystal","270530210021"
"Centerville","270030502321"
"Ham Lake","270030502341"
"Ham Lake","270030502342"
"Ham Lake","270030502351"
"Minneapolis","270531020001"
"Minneapolis","270531056002"
"Minneapolis","270531076004"
"Minneapolis","270531089003"
"Minneapolis","270531102001"
"Bloomington","270531255002"
"Minneapolis","270530001011"
"Minneapolis","270530001012"
"Minneapolis","270530001013"
"Minneapolis","270530001021"
"Minneapolis","270530001023"
"Minneapolis","270530001024"
"Minneapolis","270530003002"
"Minneapolis","270530006031"
"Minneapolis","270530011001"
"Minneapolis","270530011002"
"Minneapolis","270530017001"
"Minneapolis","270530017002"
"Minneapolis","270530024001"
"Minneapolis","270530027001"
"Minneapolis","270530032002"
"Minneapolis","270530033001"
"Minneapolis","270530059011"
"Burnsville","270370607472"
"Farmington","270370609071"
"Apple Valley","270370608281"
"Rosemount","270370610081"
"Mendota Heights","270370606062"
"Mendota Heights","270370606032"
"South St. Paul","270370602011"
"West St. Paul","270370601053"
"South St. Paul","270370604011"
"Inver Grove Heights","270370605022"
"Inver Grove Heights","270370605031"
"Inver Grove Heights","270370605092"
"Inver Grove Heights","270370605081"
"Inver Grove Heights","270370605071"
"Apple Valley","270370608062"
"West St. Paul","270370601032"
"West St. Paul","270370601043"
"Inver Grove Heights","270370605072"
"Apple Valley","270370608112"
"Apple Valley","270370608113"
"Burnsville","270370607421"
"Burnsville","270370607481"
"Rosemount","270370610092"
"Rosemount","270370610082"
"St. Paul","271230358002"
"St. Paul","271230366002"
"Eagan","270370607491"
"Inver Grove Heights","270370605091"
"Hastings","270370611062"
"Eagan","270370607441"
"Inver Grove Heights","270370605033"
"Apple Valley","270370608123"
"Inver Grove Heights","270370605082"
"Eagan","270370607353"
"Eagan","270370607322"
"South St. Paul","270370602023"
"South St. Paul","270370603021"
"Eagan","270370607312"
"Burnsville","270370607391"
"Apple Valley","270370608052"
"Eagan","270370607351"
"Inver Grove Heights","270370605084"
"Apple Valley","270370608061"
"Eagan","270370607503"
"Eagan","270370607251"
"Eagan","270370607291"
"Eagan","270370607162"
"Apple Valley","270370608111"
"South St. Paul","270370603023"
"Apple Valley","270370608242"
"South St. Paul","270370603022"
"Hastings","270370611022"
"Eagan","270370607172"
"Eagan","270370607431"
"Inver Grove Heights","270370605062"
"Inver Grove Heights","270370605083"
"Robbinsdale","270530212005"
"Prior Lake","271390809052"
"New Prague","271390812002"
"St. Paul","271230307041"
"Falcon Heights","271230419001"
"Shoreview","271230407061"
"St. Paul","271230324002"
"Shoreview","271230407043"
"St. Paul","271230345002"
"St. Paul","271230352002"
"St. Paul","271230375006"
"Shoreview","271230407071"
"Maplewood","271230424023"
"White Bear Lake","271230403011"
"White Bear Twp.","271230403011"
"St. Paul","271230371004"
"St. Paul","271230306023"
"St. Paul","271230350001"
"New Brighton","271230411052"
"St. Paul","271230317022"
"St. Paul","271230310003"
"Carver","270190911001"
"Young America Twp.","270190912011"
"Norwood Young America","270190912011"
"Waconia Twp.","270190903021"
"Waconia","270190903021"
"Hollywood Twp.","270190902002"
"Camden Twp.","270190902001"
"St. Paul","271230353001"
"St. Paul","271230338001"
"St. Paul","271230339001"
"St. Paul","271230307031"
"Victoria","270190904011"
"Victoria","270190904021"
"Laketown Twp.","270190904021"
"Victoria","270190904022"
"Chanhassen","270190905011"
"Chanhassen","270190905021"
"Chanhassen","270190905031"
"Chanhassen","270190905032"
"Young America Twp.","270190912012"
"Norwood Young America","270190912012"
"Benton Twp.","270190912022"
"Cologne","270190912022"
"Minneapolis","270530118005"
"Mound","270530276023"
"Minneapolis","270531101002"
"Crystal","270530209022"
"St. Louis Park","270530229022"
"Minneapolis","270530120016"
"Edina","270530240042"
"Bloomington","270530258051"
"Brooklyn Park","270530268072"
"St. Louis Park","270530221021"
"Minneapolis","270531108003"
"Minneapolis","270531012002"
"Edina","270530238023"
"Minneapolis","270530106002"
"Minneapolis","270531067003"
"Minneapolis","270531039002"
"Bloomington","270530258021"
"Bloomington","270530252052"
"Osseo","270530267022"
"Crystal","270530209031"
"Golden Valley","270530216023"
"St. Louis Park","270530223021"
"Minneapolis","270531013002"
"Minneapolis","270531108004"
"Champlin","270530269031"
"Minneapolis","270530085001"
"Minneapolis","270530081003"
"Minneapolis","270530068001"
"Minneapolis","270531069002"
"St. Louis Park","270531226001"
"Minneapolis","270531057002"
"Minneapolis","270530110002"
"Minneapolis","270530006012"
"Minneapolis","270531060003"
"Minneapolis","270530083001"
"Minneapolis","270531093001"
"Richfield","270530245001"
"Brooklyn Center","270530205003"
"Brooklyn Park","270530268074"
"Minneapolis","270531102003"
"St. Louis Park","270531225003"
"Minneapolis","270531004001"
"Minneapolis","270530096002"
"Minneapolis","270531028003"
"St. Louis Park","270530223022"
"Minneapolis","270531069001"
"Minneapolis","270530120034"
"Bloomington","270530256031"
"Deephaven","270530274001"
"Woodland","270530274001"
"Crystal","270530209032"
"New Hope","270530215034"
"Richfield","270530249031"
"Minneapolis","270531089002"
"Minneapolis","270531258002"
"Minneapolis","270531258003"
"Bloomington","270530254011"
"Brooklyn Park","270530268183"
"Crystal","270530208042"
"Eden Prairie","270530260051"
"Minneapolis","270530121021"
"Minneapolis","270531004002"
"Richfield","270530248023"
"Minneapolis","270530084002"
"St. Louis Park","270530221011"
"Minneapolis","270531007003"
"Minneapolis","270531018003"
"Minneapolis","270530085002"
"Minneapolis","270530081002"
"Minneapolis","270530107001"
"Crystal","270530208011"
"Minnetonka","270530262021"
"Richfield","270530243003"
"Minneapolis","270531256001"
"St. Louis Park","270530229021"
"St. Louis Park","270530220002"
"Minneapolis","270531007001"
"Minneapolis","270531008003"
"Shorewood","270530275013"
"Tonka Bay","270530275013"
"Minneapolis","270531020002"
"Edina","270530240043"
"Minneapolis","270530118003"
"New Hope","270530215054"
"Minneapolis","270531055002"
"Minneapolis","270530082004"
"Bloomington","270530259062"
"Bloomington","270530254033"
"Minneapolis","270531087002"
"Minneapolis","270531099001"
"Brooklyn Park","270530268076"
"Minneapolis","270530022002"
"Minneapolis","270531037003"
"Minneapolis","270531113004"
"Minneapolis","270531099003"
"Minneapolis","270531260002"
"Minneapolis","270531260004"
"Minnetonka","270530264032"
"Bloomington","270530253021"
"Minnetonka","270530261013"
"Osseo","270530267021"
"Hopkins","270530233004"
"Edina","270530238012"
"Minneapolis","270531016002"
"Edina","270530239032"
"Bloomington","270530254012"
"Minneapolis","270531098002"
"Richfield","270530246001"
"Afton","271630711021"
"Crystal","270530215041"
"New Hope","270530215041"
"White Bear Twp.","271230405033"
"St. Paul","271230302023"
"St. Paul","271230346024"
"Mounds View","271230409023"
"St. Paul","271230376041"
"St. Paul","271230317024"
"St. Paul","271230318015"
"Maplewood","271230404025"
"White Bear Lake","271230404025"
"Maplewood","271230424013"
"Maplewood","271230424014"
"White Bear Lake","271230404023"
"Shoreview","271230407053"
"Vadnais Heights","271230406051"
"White Bear Twp.","271230401022"
"St. Paul","271230306013"
"North Oaks","271230406014"
"St. Paul","271230306014"
"Vadnais Heights","271230406062"
"Vadnais Heights","271230406063"
"White Bear Lake","271230405032"
"St. Paul","271230334004"
"St. Paul","271230321003"
"Roseville","271230416023"
"St. Paul","271230366004"
"Maplewood","271230424025"
"White Bear Twp.","271230401023"
"St. Paul","271230339002"
"St. Paul","271230317025"
"Arden Hills","271230408042"
"North Oaks","271230406015"
"White Bear Twp.","271230406015"
"Arden Hills","271230408013"
"White Bear Twp.","271230401012"
"Shoreview","271230407082"
"Shoreview","271230407093"
"Vadnais Heights","271230406052"
"St. Paul","271230304004"
"St. Paul","271230326004"
"St. Paul","271230307026"
"St. Paul","271230326003"
"Maplewood","271230423013"
"St. Paul","271230305005"
"Maplewood","271230424015"
"St. Paul","271230430015"
"St. Paul","271230349004"
"St. Paul","271230349003"
"Mounds View","271230409013"
"New Brighton","271230411043"
"St. Paul","271230430011"
"St. Paul","271230430012"
"St. Paul","271230430014"
"New Brighton","271230411054"
"St. Paul","271230376014"
"Arden Hills","271230408041"
"Arden Hills","271230408054"
"Roseville","271230414005"
"Shoreview","271230407044"
"Shoreview","271230407081"
"St. Paul","271230376032"
"Shoreview","271230407092"
"Shoreview","271230407052"
"Shoreview","271230407045"
"St. Paul","271230302022"
"St. Paul","271230342033"
"St. Paul","271230342032"
"St. Paul","271230430021"
"St. Paul","271230306025"
"White Bear Lake","271230405043"
"Maplewood","271230425043"
"White Bear Lake","271230405044"
"White Bear Twp.","271230405044"
"St. Paul","271230366005"
"St. Paul","271230376042"
"North St. Paul","271230426014"
"Vadnais Heights","271230406061"
"White Bear Twp.","271230401021"
"St. Paul","271230361003"
"Maplewood","271230425032"
"St. Paul","271230337002"
"Roseville","271230416014"
"St. Paul","271230332003"
"St. Paul","271230342042"
"St. Paul","271230342041"
"St. Paul","271230342013"
"St. Paul","271230318014"
"New Brighton","271230411063"
"Maplewood","271230422025"
"Little Canada","271230422025"
"Maplewood","271230422024"
"St. Paul","271230334002"
"Roseville","271230418001"
"White Bear Twp.","271230401011"
"St. Paul","271230368003"
"Maplewood","271230424022"
"North St. Paul","271230427004"
"North St. Paul","271230426012"
"North St. Paul","271230427005"
"White Bear Lake","271230404024"
"St. Paul","271230355003"
"White Bear Lake","271230403024"
"St. Paul","271230324003"
"Roseville","271230415004"
"St. Paul","271230355002"
"Roseville","271230416013"
"Roseville","271230417004"
"Maplewood","271230422012"
"Little Canada","271230421015"
"Maplewood","271230422023"
"Minnetonka","270530261032"
"Minnetonka","270530262011"
"Minnetonka","270530262051"
"Minnetonka","270530262052"
"Minnetonka","270530262053"
"Plymouth","270530265112"
"St. Paul","271230360003"
"St. Paul","271230342043"
"St. Paul","271230347024"
"St. Paul","271230347021"
"New Brighton","271230411062"
"New Brighton","271230411075"
"Arden Hills","271230408052"
"Arden Hills","271230408053"
"Roseville","271230418002"
"St. Paul","271230342031"
"Maplewood","271230425012"
"St. Paul","271230430013"
"New Brighton","271230411041"
"Mounds View","271230410023"
"New Brighton","271230411055"
"St. Paul","271230349001"
"St. Paul","271230376015"
"St. Paul","271230351003"
"Shoreview","271230407042"
"Shoreview","271230407064"
"Arden Hills","271230408051"
"Shoreview","271230407091"
"St. Paul","271230376031"
"Minnetonka","270530262061"
"Plymouth","270530265143"
"Plymouth","270530265144"
"Savage","271390802042"
"Savage","271390801002"
"Savage","271390802012"
"Prior Lake","271390809031"
"Minnetonka","270530261011"
"Minnetonka","270530261012"
"Minnetonka","270530261031"
"Lakeland","271630711013"
"Lakeland Shores","271630711013"
"Cottage Grove","271630714001"
"Stillwater","271630705023"
"Stillwater","271630705022"
"Stillwater","271630705024"
"Stillwater","271630706021"
"Stillwater","271630706022"
"Oak Park Heights","271630706022"
"Cottage Grove","271630712081"
"Cottage Grove","271630712082"
"Cottage Grove","271630712092"
"St. Paul Park","271630713001"
"St. Paul Park","271630713002"
"Forest Lake","271630701031"
"Bayport","271630707042"
"Oak Park Heights","271630708021"
"Oakdale","271630709071"
"Oakdale","271630709072"
"Oakdale","271630709073"
"Oakdale","271630709092"
"Oakdale","271630709101"
"Oakdale","271630709102"
"Woodbury","271630710011"
"Woodbury","271630710012"
"Newport","271630710031"
"Newport","271630710032"
"Newport","271630710033"
"Woodbury","271630710061"
"Woodbury","271630710062"
"Farmington","270370609042"
"Mendota Heights","270370606042"
"Inver Grove Heights","270370605032"
"West St. Paul","270370601011"
"Inver Grove Heights","270370605024"
"Dellwood","271630703011"
"Mahtomedi","271630703011"
"Afton","271630711022"
"Cottage Grove","271630712083"
"Forest Lake","271630701032"
"Forest Lake","271630701033"
"Forest Lake","271630701034"
"Forest Lake","271630701041"
"Forest Lake","271630701042"
"Forest Lake","271630701052"
"Oak Grove","270030501151"
"Minneapolis","270530095001"
"Crystal","270530210015"
"Minneapolis","270531097003"
"Bloomington","270530252012"
"Minneapolis","270531064002"
"Minneapolis","270530117033"
"Wayzata","270530273001"
"Minnetonka","270530262082"
"Plymouth","270530266093"
"Brooklyn Park","270530268092"
"Bloomington","270530258032"
"Brooklyn Center","270530206002"
"Minneapolis","270530027002"
"Minneapolis","270531108001"
"Minneapolis","270531093003"
"Minneapolis","270530121011"
"Edina","270530238013"
"Minneapolis","270530068002"
"Brooklyn Park","270530268073"
"St. Louis Park","270530221022"
"Minneapolis","270531007004"
"Roseville","271230413022"
"St. Paul","271230342014"
"St. Paul","271230342012"
"Brooklyn Park","270530268127"
"Brooklyn Park","270530268125"
"Eden Prairie","270530260073"
"Eden Prairie","270530260074"
"Eden Prairie","270530260076"
"Eden Prairie","270530260075"
"Brooklyn Park","270530268126"
"Coon Rapids","270030507105"
"Blaine","270030508294"
"Blaine","270030508272"
"Lino Lakes","270030502374"
"Coon Rapids","270030506111"
"Coon Rapids","270030506112"
"Andover","270030502084"
"Coon Rapids","270030507074"
"Coon Rapids","270030507072"
"St. Louis Park","270530224004"
"Minneapolis","270531008001"
"Minneapolis","270531008002"
"Minneapolis","270531108002"
"Edina","270530239021"
"Minneapolis","270531062003"
"Richfield","270530248011"
"Lino Lakes","270030502294"
"Fridley","270030511024"
"Ramsey","270030502285"
"Blaine","270030508292"
"Blaine","270030508282"
"Blaine","270030508271"
"Andover","270030502381"
"Blaine","270030508233"
"Fridley","270030511021"
"St. Francis","270030501083"
"Coon Rapids","270030507071"
"Blaine","270030508243"
"Columbia Heights","270030515022"
"Coon Rapids","270030506121"
"Blaine","270030508221"
"Blaine","270030508241"
"Blaine","270030508291"
"Blaine","270030508232"
"Fridley","270030512064"
"Fridley","270030512063"
"Blaine","270030508231"
"Blaine","270030508252"
"Fridley","270030511022"
"Coon Rapids","270030507023"
"Coon Rapids","270030507022"
"Anoka","270030504024"
"Blaine","270030508194"
"Blaine","270030508193"
"Andover","270030502383"
"Ham Lake","270030502164"
"Fridley","270030512033"
"Blaine","270030508222"
"Ramsey","270030502402"
"Coon Rapids","270030507044"
"Anoka","270030505012"
"Andover","270030502392"
"Andover","270030502391"
"Ramsey","270030502273"
"Blaine","270030508251"
"Blaine","270030508263"
"Blaine","270030508215"
"Andover","270030502083"
"Lino Lakes","270030502373"
"Lino Lakes","270030502372"
"Anoka","270030502262"
"Ramsey","270030502262"
"Blaine","270030508293"
"Linwood Twp.","270030516004"
"Lino Lakes","270030502363"
"Blaine","270030508261"
"Coon Rapids","270030507103"
"Lino Lakes","270030502295"
"Fridley","270030512061"
"St. Francis","270030501072"
"Fridley","270030511032"
"Blaine","270030508214"
"Ham Lake","270030502343"
"Lino Lakes","270030502333"
"Golden Valley","270530216011"
"Golden Valley","270530216012"
"Golden Valley","270530216013"
"Golden Valley","270530216021"
"New Hope","270530215042"
"New Hope","270530215043"
"New Hope","270530215044"
"New Hope","270530215051"
"New Hope","270530215052"
"New Hope","270530215053"
"Coon Rapids","270030506084"
"Ham Lake","270030502153"
"Andover","270030502382"
"Ramsey","270030502412"
"Andover","270030502183"
"Ramsey","270030502411"
"Andover","270030502181"
"Ramsey","270030502233"
"Ramsey","270030502401"
"St. Francis","270030501082"
"Bethel","270030501082"
"Ham Lake","270030502152"
"Coon Rapids","270030506094"
"Ham Lake","270030502165"
"Ramsey","270030502283"
"Lino Lakes","270030502302"
"Anoka","270030504023"
"Lino Lakes","270030502293"
"Coon Rapids","270030507045"
"Lino Lakes","270030502362"
"Coon Rapids","270030507064"
"Fridley","270030512022"
"Fridley","270030512034"
"Blaine","270030508281"
"Centerville","270030502323"
"Lino Lakes","270030502292"
"Anoka","270030504013"
"Ramsey","270030502232"
"Ramsey","270030502284"
"Ramsey","270030502274"
"Linwood Twp.","270030516003"
"Coon Rapids","270030506122"
"Blaine","270030508203"
"Blaine","270030508242"
"Blaine","270030508262"
"Blaine","270030508184"
"Blaine","270030508201"
"Circle Pines","270030509023"
"Waconia Twp.","270190903023"
"Waconia","270190903023"
"Dahlgren Twp.","270190911006"
"Carver","270190911004"
"Dahlgren Twp.","270190911004"
"Waconia Twp.","270190903043"
"Waconia","270190903043"
"Young America Twp.","270190912014"
"Hamburg","270190912014"
"Chaska","270190910014"
"Chaska","270190910025"
"Young America Twp.","270190912015"
"Norwood Young America","270190912015"
"Chaska","270190910011"
"Carver","270190911005"
"Watertown Twp.","270190901023"
"Watertown","270190901023"
"Victoria","270190904025"
"Victoria","270190904023"
"Waconia","270190903041"
"Waconia","270190903032"
"Chaska","270190910021"
"San Francisco Twp.","270190911003"
"Chaska","270190908015"
"Victoria","270190904024"
"Laketown Twp.","270190904024"
"Chaska","270190904024"
"Chaska","270190908011"
"Chaska","270190908013"
"Chanhassen","270190905022"
"Chaska","270190908021"
"Chanhassen","270190907023"
"Chanhassen","270190907041"
"Victoria","270190904013"
"Laketown Twp.","270190904013"
"Waconia","270190904013"
"Chanhassen","270190906013"
"Chanhassen","270190907031"
"Chaska","270190908014"
"Carver","270190911007"
"Chaska","270190910023"
"Chaska","270190909023"
"Waconia","270190903042"
"Waconia","270190903031"
"Chaska","270190909011"
"Chaska","270190909012"
"Chaska","270190910012"
"Chanhassen","270190907032"
"Chaska","270190909021"
"Victoria","270190904014"
"Chaska","270190908022"
"Chaska","270190910013"
"Young America Twp.","270190912013"
"Norwood Young America","270190912013"
"Mayer","270190902003"
"Chanhassen","270190905012"
"Watertown Twp.","270190901011"
"Mayer","270190901011"
"Hollywood Twp.","270190902004"
"New Germany","270190902004"
"Waconia Twp.","270190903024"
"Waconia","270190903024"
"Watertown Twp.","270190901021"
"Watertown","270190901021"
"Watertown","270190901022"
"Chaska","270190909022"
"Waconia Twp.","270190903022"
"Waconia","270190903022"
"Chanhassen","270190907033"
"Waconia Twp.","270190903033"
"Waconia","270190903033"
"Chaska","270190910022"
"Chaska","270190910024"
"Watertown","270190901013"
"Chaska","270190908012"
"Chanhassen","270190907042"
"Watertown","270190901012"
"Chanhassen","270190907022"
"Farmington","270370609021"
"Farmington","270370609043"
"Lakeville","270370615011"
"Eureka Twp.","270370615011"
"St. Paul","271230346022"
"St. Paul","271230365002"
"Maplewood","271230424021"
"St. Paul","271230428001"
"St. Paul","271230315001"
"St. Paul","271230342011"
"St. Paul","271230428002"
"St. Paul","271230330001"
"St. Paul","271230344001"
"St. Paul","271230372004"
"St. Paul","271239800001"
"St. Paul","271230346011"
"St. Paul","271230374021"
"Maplewood","271230425014"
"Maplewood","271230425013"
"St. Paul","271230346023"
"St. Paul","271230346013"
"North St. Paul","271230426013"
"St. Paul","271230346021"
"North St. Paul","271230427002"
"St. Paul","271230322001"
"St. Paul","271230306012"
"St. Paul","271230335001"
"Maplewood","271230422011"
"St. Paul","271230307022"
"St. Paul","271230371003"
"St. Paul","271230316002"
"St. Paul","271230346012"
"St. Paul","271230310001"
"Mounds View","271230409011"
"St. Paul","271230350002"
"Roseville","271230414002"
"St. Paul","271230331001"
"North Oaks","271230406011"
"Golden Valley","270530217001"
"Golden Valley","270530216024"
"St. Paul","271230360001"
"St. Paul","271230332001"
"St. Paul","271230366001"
"St. Paul","271230367001"
"Maplewood","271230425031"
"St. Paul","271230370002"
"St. Paul","271230369002"
"Maplewood","271230425041"
"Roseville","271230416011"
"Mounds View","271230409022"
"New Brighton","271230411072"
"Lauderdale","271230420021"
"Little Canada","271230421014"
"Little Canada","271230421022"
"Maplewood","271230423012"
"Little Canada","271230421013"
"Maplewood","271230422021"
"White Bear Lake","271230403023"
"Maplewood","271230404022"
"White Bear Lake","271230404022"
"New Brighton","271230411074"
"Roseville","271230413012"
"St. Paul","271230317011"
"St. Paul","271230358001"
"St. Paul","271230321002"
"St. Paul","271230429002"
"St. Paul","271230429003"
"St. Paul","271230351001"
"St. Paul","271230332002"
"St. Paul","271230357002"
"St. Paul","271230333001"
"St. Paul","271230318022"
"St. Paul","271230318023"
"St. Paul","271230319001"
"St. Paul","271230319002"
"St. Paul","271230320001"
"St. Paul","271230320002"
"St. Paul","271230322003"
"St. Paul","271230323001"
"St. Paul","271230323002"
"St. Paul","271230323003"
"St. Paul","271230324001"
"St. Paul","271230325001"
"St. Paul","271230325003"
"St. Paul","271230326001"
"St. Paul","271230337001"
"St. Paul","271230338002"
"St. Paul","271230340001"
"St. Paul","271230344002"
"St. Paul","271230345001"
"St. Paul","271230345003"
"St. Paul","271230347012"
"St. Paul","271230347013"
"St. Paul","271230347022"
"St. Paul","271230347023"
"St. Paul","271230349002"
"St. Paul","271230350003"
"St. Paul","271230351002"
"St. Paul","271230352001"
"St. Paul","271230353003"
"St. Paul","271230353002"
"Maplewood","271230424011"
"Maplewood","271230424012"
"Maplewood","271230425011"
"Maplewood","271230425042"
"North St. Paul","271230427001"
"St. Paul","271230307033"
"St. Paul","271230374023"
"St. Paul","271230429001"
"St. Paul","271230355001"
"St. Paul","271230357001"
"St. Paul","271230358003"
"St. Paul","271230359001"
"St. Paul","271230360002"
"St. Paul","271230361001"
"St. Paul","271230363001"
"St. Paul","271230363002"
"St. Paul","271230363003"
"St. Paul","271230363004"
"St. Paul","271230364004"
"St. Paul","271230370003"
"St. Paul","271230371001"
"St. Paul","271230372001"
"St. Paul","271230372002"
"St. Paul","271230372005"
"St. Paul","271230374022"
"St. Paul","271230374031"
"St. Paul","271230374032"
"St. Paul","271230374033"
"St. Paul","271230374034"
"St. Paul","271230374035"
"St. Paul","271230375001"
"St. Paul","271230375002"
"St. Paul","271230375005"
"St. Paul","271230376011"
"White Bear Lake","271230402001"
"White Bear Twp.","271230402001"
"White Bear Lake","271230403012"
"White Bear Lake","271230403021"
"White Bear Twp.","271230403021"
"White Bear Lake","271230403022"
"White Bear Twp.","271230403022"
"White Bear Lake","271230404011"
"White Bear Lake","271230404012"
"White Bear Lake","271230404013"
"White Bear Lake","271230404021"
"White Bear Lake","271230405021"
"White Bear Lake","271230405031"
"Gem Lake","271230405031"
"White Bear Twp.","271230405031"
"New Brighton","271230412001"
"St. Paul","271230317021"
"St. Paul","271230302012"
"St. Paul","271230364001"
"White Bear Lake","271230402002"
"White Bear Twp.","271230402002"
"White Bear Lake","271230405041"
"White Bear Twp.","271230405041"
"White Bear Lake","271230405042"
"North Oaks","271230406012"
"White Bear Twp.","271230406012"
"Vadnais Heights","271230406031"
"Vadnais Heights","271230406032"
"Shoreview","271230407051"
"Shoreview","271230407062"
"Shoreview","271230407063"
"Shoreview","271230407072"
"Shoreview","271230407073"
"Arden Hills","271230408011"
"Arden Hills","271230408012"
"Blaine","271230409012"
"Mounds View","271230409012"
"Mounds View","271230409021"
"Mounds View","271230410011"
"New Brighton","271230411071"
"New Brighton","271230411073"
"New Brighton","271230412002"
"New Brighton","271230412003"
"Roseville","271230413011"
"Roseville","271230413013"
"Roseville","271230413021"
"Roseville","271230414001"
"Roseville","271230414004"
"Roseville","271230415001"
"Roseville","271230415002"
"Roseville","271230415003"
"Roseville","271230416012"
"Roseville","271230416021"
"Roseville","271230416022"
"Maplewood","271230422022"
"Maplewood","271230423011"
"Maplewood","271230423023"
"Maplewood","271230423024"
"Maplewood","271230423025"
"North St. Paul","271230426021"
"North St. Paul","271230426022"
"North St. Paul","271230427003"
"St. Paul","271230364003"
"St. Paul","271230365003"
"St. Paul","271230366003"
"St. Paul","271230367002"
"St. Paul","271230367003"
"St. Paul","271230367004"
"St. Paul","271230368001"
"St. Paul","271230368002"
"St. Paul","271230369001"
"St. Paul","271230376012"
"St. Paul","271230376013"
"Vadnais Heights","271230406033"
"Shoreview","271230407041"
"Mounds View","271230410021"
"St. Anthony","271230411031"
"St. Anthony","271230411032"
"New Brighton","271230411051"
"New Brighton","271230411053"
"New Brighton","271230411061"
"Roseville","271230417001"
"Roseville","271230417002"
"Roseville","271230417003"
"Roseville","271230418003"
"Falcon Heights","271230419002"
"Falcon Heights","271230419003"
"Falcon Heights","271230420011"
"Falcon Heights","271230420012"
"Lauderdale","271230420022"
"Little Canada","271230421011"
"Little Canada","271230421012"
"Little Canada","271230421021"
"Mendota Heights","270370606031"
"East Bethel","270030501101"
"Centerville","270030502322"
"Coon Rapids","270030506081"
"Anoka","270030505042"
"St. Paul","271230305002"
"St. Paul","271230312001"
"St. Paul","271230316003"
"St. Paul","271230375004"
"St. Paul","271230307032"
"St. Paul","271230318012"
"St. Paul","271230318013"
"St. Paul","271230318021"
"St. Paul","271230307043"
"St. Paul","271230330002"
"St. Paul","271230325004"
"St. Paul","271230327002"
"St. Paul","271230331002"
"St. Paul","271230333002"
"St. Paul","271230327001"
"St. Paul","271230334001"
"St. Paul","271230334003"
"St. Paul","271230335002"
"St. Paul","271230335003"
"St. Paul","271230336001"
"St. Louis Park","270530227003"
"Fort Snelling (unorg.)","270539800001"
"St. Louis Park","270530227001"
"Greenfield","270530270012"
"Rockford","270530270012"
"St. Louis Park","270530228011"
"Minneapolis","270531259002"
"Eden Prairie","270530260151"
"Bloomington","270530258011"
"Brooklyn Center","270530204001"
"Minneapolis","270530001022"
"Shakopee","271390804003"
"Shakopee","271390805001"
"Jackson Twp.","271390805001"
"Shakopee","271390806001"
"Minneapolis","270531041001"
"Minneapolis","270531051001"
"Minneapolis","270531065002"
"Minneapolis","270531055003"
"Minneapolis","270531056003"
"Minneapolis","270531062001"
"Minneapolis","270531092001"
"Minneapolis","270531092003"
"St. Francis","270030501071"
"Nowthen","270030501161"
"Oak Grove","270030501141"
"Prior Lake","271390809061"
"Prior Lake","271390809063"
"Savage","271390802021"
"Savage","271390802022"
"Richfield","270530241001"
"Robbinsdale","270530214001"
"St. Louis Park","270530221012"
"St. Louis Park","270530220001"
"Minneapolis","270531065001"
"Minneapolis","270531091002"
"Minnetonka","270530261043"
"Edina","270530240051"
"Edina","270530240061"
"Richfield","270530245002"
"Richfield","270530249032"
"Nowthen","270030501163"
"St. Francis","270030501081"
"Columbus","270030502101"
"Bloomington","270530251002"
"Plymouth","270530265051"
"Plymouth","270530265052"
"Plymouth","270530266114"
"Plymouth","270530266113"
"Andover","270030502171"
"Blaine","270030508183"
"Blaine","270030508161"
"Anoka","270030504011"
"Ramsey","270030502271"
"Anoka","270030504012"
"Eden Prairie","270530260192"
"Minnetonka","270530261041"
"Minnetonka","270530263023"
"Minnetonka","270530262022"
"Brooklyn Park","270530268191"
"Ramsey","270030502272"
"Anoka","270030505011"
"Anoka","270030504022"
"Lino Lakes","270030502301"
"Lino Lakes","270030502371"
"St. Paul","271230306021"
"St. Paul","271230365004"
"White Bear Lake","271230405023"
"North St. Paul","271230426011"
"Minnetonka","270530262012"
"Minnetonka","270530263012"
"Minnetonka","270530263011"
"Minnetonka","270530264043"
"Maple Grove","270530267121"
"Richfield","270530248022"
"Blaine","270030508213"
"Blaine","270030508211"
"Blaine","270030508202"
"Blaine","270030508212"
"Coon Rapids","270030507041"
"Coon Rapids","270030507021"
"Plymouth","270530266051"
"Plymouth","270530266052"
"Maple Grove","270530267071"
"Maple Grove","270530267112"
"Spring Lake Park","270030510011"
"Blaine","270030508102"
"Blaine","270030509012"
"Lexington","270030509012"
"Spring Lake Park","270030510012"
"Blaine","270030508181"
"Ham Lake","270030502352"
"Brooklyn Park","270530268111"
"Brooklyn Park","270530268122"
"Brooklyn Park","270530268232"
"Brooklyn Center","270530203011"
"Brooklyn Park","270530268222"
"Champlin","270530269084"
"Ham Lake","270030502161"
"Blaine","270030508191"
"Blaine","270030508192"
"Coon Rapids","270030506061"
"Blaine","270030508182"
"Anoka","270030504021"
"Savage","271390801001"
"Savage","271390802011"
"Savage","271390802041"
"Shakopee","271390804001"
"Prior Lake","271390809033"
"Prior Lake","271390809062"
"Burnsville","270370607142"
"Burnsville","270370607382"
"Burnsville","270370607482"
"Burnsville","270370607381"
"Burnsville","270370607141"
"Burnsville","270370607132"
"Burnsville","270370607371"
"Burnsville","270370607111"
"Burnsville","270370607112"
"Burnsville","270370607101"
"Lakeville","270370608131"
"Burnsville","270370607462"
"Burnsville","270370607392"
"Burnsville","270370607452"
"Eagan","270370607341"
"Apple Valley","270370608063"
"Eagan","270370607292"
"Eagan","270370607331"
"Eagan","270370607281"
"Eagan","270370607171"
"Eagan","270370607262"
"Eagan","270370607313"
"Burnsville","270370607393"
"Lakeville","270370608142"
"Lakeville","270370608152"
"Lakeville","270370608161"
"Lakeville","270370608143"
"Apple Valley","270370608291"
"Apple Valley","270370608231"
"Rosemount","270370610071"
"Rosemount","270370610072"
"Rosemount","270370610051"
"Castle Rock Twp.","270370609041"
"Farmington","270370609041"
"Marshan Twp.","270370614011"
"Miesville","270370614021"
"Douglas Twp.","270370614021"
"Mendota Heights","270370606061"
"Inver Grove Heights","270370605093"
"Lilydale","270370606033"
"Mendota Heights","270370606033"
"Lilydale","270370606041"
"Mendota Heights","270370606041"
"Mendota","270370606041"
"Eagan","270370607161"
"Eagan","270370607282"
"Ravenna Twp.","270370614012"
"Burnsville","270370607461"
"Farmington","270370609072"
"Apple Valley","270370608232"
"St. Anthony","270530201021"
"Eagan","270370607253"
"Golden Valley","270530216026"
"St. Paul","271230370001"
"St. Paul","271230371002"
"White Bear Lake","271230405022"
"Spring Lake Park","271230410012"
"Mounds View","271230410012"
"St. Paul","271230301001"
"St. Paul","271230301002"
"Anoka","270030505013"
"Anoka","270030505041"
"Anoka","270030505052"
"Anoka","270030505051"
"Anoka","270030505054"
"Coon Rapids","270030506021"
"Coon Rapids","270030506022"
"Coon Rapids","270030506054"
"Coon Rapids","270030506071"
"Coon Rapids","270030506072"
"Coon Rapids","270030506073"
"Coon Rapids","270030506074"
"Coon Rapids","270030506082"
"Coon Rapids","270030506083"
"Coon Rapids","270030506091"
"Coon Rapids","270030506092"
"Coon Rapids","270030506093"
"Coon Rapids","270030507042"
"Blaine","270030508074"
"Blaine","270030508082"
"Blaine","270030508103"
"Blaine","270030508104"
"Blaine","270030508112"
"Blaine","270030508111"
"Oak Grove","270030501152"
"Oak Grove","270030501153"
"Circle Pines","270030509021"
"Circle Pines","270030509022"
"Spring Lake Park","270030510021"
"Spring Lake Park","270030510022"
"Fridley","270030511011"
"Fridley","270030511012"
"Woodbury","271630710132"
"Baytown Twp.","271630707031"
"Oak Park Heights","271630707031"
"Stillwater","271630707032"
"Oak Park Heights","271630707032"
"Scandia","271630702051"
"Pine Springs","271630703033"
"Mahtomedi","271630703033"
"Forest Lake","271630701051"
"Forest Lake","271630701043"
"Stillwater","271630705012"
"Stillwater Twp.","271630705012"
"Woodbury","271630710133"
"Cottage Grove","271630714004"
"Cottage Grove","271630714002"
"Oakdale","271630709121"
"Oakdale","271630709112"
"Cottage Grove","271630712073"
"Woodbury","271630710111"
"Woodbury","271630710101"
"Woodbury","271630710102"
"Forest Lake","271630701053"
"Oakdale","271630709111"
"Oakdale","271630709061"
"Oakdale","271630709062"
"Oakdale","271630709113"
"Oakdale","271630709093"
"Baytown Twp.","271630707041"
"Bayport","271630707041"
"Bayport","271630708011"
"Oakdale","271630709114"
"Woodbury","271630710123"
"Stillwater","271630705011"
"Mahtomedi","271630703041"
"Lake Elmo","271630704051"
"Lake Elmo","271630704063"
"Stillwater","271630704052"
"Lake Elmo","271630704052"
"Woodbury","271630710141"
"Woodbury","271630710161"
"Cottage Grove","271630712072"
"Woodbury","271630710112"
"Woodbury","271630710121"
"St. Louis Park","270531226002"
"Minneapolis","270530003001"
"Minneapolis","270530022001"
"Brooklyn Center","270530203021"
"Crystal","270530210013"
"Woodbury","271630710131"
"Marine on St. Croix","271630702064"
"Scandia","271630702053"
"May Twp.","271630702061"
"Willernie","271630703044"
"Mahtomedi","271630703044"
"May Twp.","271630702062"
"Cottage Grove","271630714005"
"Birchwood Village","271630703031"
"Burnsville","270370607471"
"Burnsville","270370607451"
"Bloomington","270530259072"
"Bloomington","270530259073"
"Eden Prairie","270530260052"
"Eden Prairie","270530260053"
"Eden Prairie","270530260061"
"Eagan","270370607501"
"Lakeville","270370608192"
"Farmington","270370609061"
"Eden Prairie","270530260063"
"Eden Prairie","270530260071"
"Eden Prairie","270530260201"
"West St. Paul","270370601013"
"West St. Paul","270370601041"
"Golden Valley","270530217005"
"Eden Prairie","270530260132"
"Eden Prairie","270530260133"
"Eden Prairie","270530260141"
"Champlin","270530269064"
"Minneapolis","270531257002"
"Chanhassen","270530260142"
"Eden Prairie","270530260143"
"Golden Valley","270530218001"
"Golden Valley","270530218002"
"Golden Valley","270530219001"
"Golden Valley","270530219002"
"Golden Valley","270530219003"
"St. Louis Park","270530229013"
"St. Louis Park","270530230001"
"St. Louis Park","270530230003"
"Edina","270530231001"
"Edina","270530231002"
"Hopkins","270530233001"
"Hopkins","270530233002"
"St. Louis Park","270530222003"
"St. Louis Park","270530222004"
"St. Louis Park","270530222001"
"St. Louis Park","270530223011"
"St. Louis Park","270530223012"
"St. Louis Park","270530223023"
"St. Louis Park","270530224001"
"St. Louis Park","270530224002"
"St. Louis Park","270530224003"
"Edina","270530235011"
"Edina","270530235012"
"Edina","270530235013"
"Edina","270530235021"
"Edina","270530235022"
"Minneapolis","270531037002"
"Minneapolis","270531093004"
"St. Louis Park","270530227002"
"St. Louis Park","270530228012"
"Edina","270530235023"
"Edina","270530235024"
"Edina","270530235025"
"Edina","270530236001"
"Edina","270530236002"
"Edina","270530236003"
"Edina","270530237001"
"Edina","270530237002"
"Empire","270370609051"
"Prior Lake","271390809051"
"South St. Paul","270370602012"
"Edina","270530237003"
"Edina","270530237004"
"Edina","270530238011"
"Edina","270530238014"
"Edina","270530238015"
"Edina","270530238021"
"Edina","270530238022"
"Edina","270530239011"
"Edina","270530239022"
"Edina","270530239031"
"Edina","270530239033"
"Edina","270530240052"
"Edina","270530240031"
"Edina","270530240032"
"Edina","270530240033"
"Edina","270530240041"
"Richfield","270530241002"
"Richfield","270530242001"
"Richfield","270530242002"
"Richfield","270530243001"
"Richfield","270530243002"
"Richfield","270530244001"
"Richfield","270530244002"
"Richfield","270530246002"
"Richfield","270530246003"
"Richfield","270530247001"
"Richfield","270530247002"
"Richfield","270530247003"
"Richfield","270530248012"
"Richfield","270530245003"
"Richfield","270530248021"
"Bloomington","270530251003"
"Bloomington","270530252011"
"Bloomington","270530252051"
"Bloomington","270530252053"
"Bloomington","270530252054"
"Bloomington","270530252055"
"Bloomington","270530253011"
"Bloomington","270530253012"
"Bloomington","270530253013"
"Bloomington","270530253022"
"Golden Valley","270530217002"
"Golden Valley","270530217003"
"Golden Valley","270530216025"
"Golden Valley","270530217004"
"St. Louis Park","270530228021"
"St. Louis Park","270530229011"
"Bloomington","270530253023"
"Bloomington","270530254013"
"Bloomington","270530254031"
"Bloomington","270530256011"
"Bloomington","270530256012"
"Bloomington","270530256032"
"Bloomington","270530256033"
"Bloomington","270530256051"
"Bloomington","270530256052"
"Bloomington","270530256053"
"Bloomington","270530257021"
"Bloomington","270530257022"
"Bloomington","270530257023"
"Bloomington","270530257024"
"Bloomington","270530258012"
"Bloomington","270530258022"
"Bloomington","270530258031"
"Bloomington","270530258033"
"Bloomington","270530258052"
"Bloomington","270530258053"
"Bloomington","270530259051"
"Bloomington","270530259052"
"Bloomington","270530259053"
"Bloomington","270530259061"
"Bloomington","270530259063"
"Bloomington","270530259064"
"Bloomington","270530259071"
"Orono","270530272031"
"Minnetonka Beach","270530272031"
"Spring Park","270530272033"
"Shorewood","270530275041"
"Shorewood","270530275031"
"Ramsey","270030502231"
"Lino Lakes","270030502332"
"Anoka","270030505053"
"Minneapolis","270531075001"
"Minneapolis","270531090001"
"Minneapolis","270531056001"
"Plymouth","270530265103"
"Minnetonka","270530264042"
"Brooklyn Park","270530268121"
"Minneapolis","270531002003"
"Minneapolis","270530006011"
"Minneapolis","270530024002"
"Minneapolis","270531025003"
"Minneapolis","270530033002"
"Minneapolis","270531052012"
"Minneapolis","270531054002"
"Minneapolis","270530110004"
"Minneapolis","270530120033"
"Minneapolis","270530119983"
"Minneapolis","270531115002"
"Minneapolis","270531115004"
"Crystal","270530209033"
"St. Louis Park","270530222002"
"Edina","270530240062"
"Edina","270530239013"
"Stillwater","271630705021"
"Stillwater Twp.","271630705021"
"Eden Prairie","270530260153"
"Eden Prairie","270530260202"
"Eden Prairie","270530260211"
"Plymouth","270530266091"
"Minnetonka","270530262083"
"Plymouth","270530266063"
"Maple Grove","270530267061"
"Brooklyn Park","270530268223"
"Brooklyn Park","270530268231"
"Brooklyn Park","270530268192"
"Minneapolis","270531257003"
"Minneapolis","270531012003"
"Burnsville","270370607092"
"New Prague","271390812001"
"Helena Twp.","271390812001"
"St. Paul","271230303004"
"Maplewood","271230424024"
"Shakopee","271390806002"
"Burnsville","270370607093"
"Burnsville","270370607102"
"Burnsville","270370607131"
"Eagan","270370607502"
"Eagan","270370607252"
"Eagan","270370607261"
"Eagan","270370607332"
"Eagan","270370607333"
"Eagan","270370607352"
"Sunfish Lake","270370605054"
"Inver Grove Heights","270370605054"
"Lakeville","270370608151"
"Lakeville","270370608162"
"Lakeville","270370608191"
"Apple Valley","270370608221"
"Apple Valley","270370608241"
"Vermillion Twp.","270370610012"
"Vermillion","270370610012"
"Rosemount","270370610031"
"Hastings","270370611021"
"Eagan","270370607212"
"Burnsville","270370607091"
"Hastings","270370611051"
"Waterford Twp.","270370615021"
"Northfield","270370615021"
"Sciota Twp.","270370615021"
"Coates","270370610011"
"Vermillion Twp.","270370610011"
"West St. Paul","270370601021"
"Eagan","270370607321"
"West St. Paul","270370601022"
"Apple Valley","270370608122"
"West St. Paul","270370601031"
"South St. Paul","270370604022"
"Hastings","270370611023"
"Nininger Twp.","270370611023"
"Hastings","270370611052"
"Lakeville","270370615012"
"Eureka Twp.","270370615012"
"Eagan","270370607342"
"South St. Paul","270370602021"
"South St. Paul","270370602022"
"South St. Paul","270370603012"
"South St. Paul","270370603014"
"South St. Paul","270370604021"
"South St. Paul","270370605023"
"Inver Grove Heights","270370605023"
"Inver Grove Heights","270370605034"
"Mendota Heights","270370606034"
"St. Paul","271230308003"
"St. Paul","271230307042"
"St. Paul","271230308001"
"St. Paul","271230308004"
"St. Paul","271230309001"
"St. Paul","271230309002"
"St. Paul","271230309003"
"St. Paul","271230311002"
"St. Paul","271230311001"
"St. Paul","271230311003"
"St. Paul","271230312002"
"St. Paul","271230312003"
"St. Paul","271230313001"
"St. Paul","271230310002"
"St. Paul","271230313002"
"St. Paul","271230314001"
"St. Paul","271230314002"
"St. Paul","271230315002"
"St. Paul","271230316001"
"St. Paul","271230307021"
"St. Paul","271230306022"
"St. Paul","271230306024"
"St. Paul","271230307023"
"St. Paul","271230307024"
"St. Paul","271230307025"
"Apple Valley","270370608121"
"Lakeville","270370608132"
"Lakeville","270370608141"
"West St. Paul","270370601052"
"South St. Paul","270370602013"
"St. Paul","271230317023"
"St. Paul","271230318011"
"Linwood Twp.","270030516001"
"Andover","270030502203"
"Blaine","270030508072"
"Oak Grove","270030501142"
"Eagan","270370607354"
"South St. Paul","270370604012"
"Eagan","270370607271"
"Hastings","270370611061"
"Nininger Twp.","270370611061"
"South St. Paul","270370603013"
"Eagan","270370607211"
"South St. Paul","270370604023"
"Chanhassen","270190906011"
"Chanhassen","270190906022"
"Chanhassen","270190906021"
"Chanhassen","270190906012"
"Chanhassen","270190907021"
"Shakopee","271390804002"
"Shakopee","271390805002"
"Louisville Twp.","271390807001"
"Jackson Twp.","271390807001"
"Prior Lake","271390809032"
"Spring Lake Twp.","271390809032"
"Roseville","271230414003"
"St. Paul","271230308002"
"St. Paul","271230333003"
"St. Paul","271230375003"
"St. Paul","271230353004"
"St. Paul","271230365001"
"Maplewood","271230423022"
"North Oaks","271230406013"
"St. Paul","271230322002"
"Benton Twp.","270190912021"
"Hancock Twp.","270190912021"
"Carver","270190911002"
"Laketown Twp.","270190904012"
"Waconia","270190904012"
"St. Paul","271230372003"
"St. Paul","271230305004"
"Mounds View","271230410022"
"St. Paul","271230352003"
"St. Paul","271230317012"
"St. Paul","271230347011"
"St. Paul","271230325002"
"St. Paul","271230326002"
"St. Paul","271230364002"
"St. Paul","271230321001"
"New Brighton","271230411042"
"St. Paul","271230340002"
"Maplewood","271230423021"
"St. Paul","271230310004"
"Oakdale","271630709122"
"Woodbury","271630710162"
"Cottage Grove","271630714003"
"Grey Cloud Island Twp.","271630714003"
"St. Paul Park","271630714003"
"Hastings","271630711023"
"Denmark Twp.","271630711023"
"Plymouth","270530266102"
"Plymouth","270530266111"
"Plymouth","270530266112"
"Minnetonka","270530262062"
"Minnetonka","270530262063"
"Minnetonka","270530262071"
"Minnetonka","270530262072"
"Minnetonka","270530262081"
"Minnetonka","270530263022"
"Minnetonka","270530263021"
"Minnetonka","270530264041"
"Plymouth","270530265071"
"Plymouth","270530265072"
"Plymouth","270530265081"
"Burnsville","270370607104"
"Burnsville","270370607114"
"Burnsville","270370607542"
"Burnsville","270370607456"
"Burnsville","270370607484"
"Eagan","270370607263"
"Inver Grove Heights","270370605063"
"Inver Grove Heights","270370605052"
"Eagan","270370607174"
"West St. Paul","270370601054"
"Eagan","270370607523"
"Inver Grove Heights","270370605085"
"Eagan","270370607521"
"Burnsville","270370607143"
"Eagan","270370607344"
"Burnsville","270370607103"
"Eagan","270370607343"
"Apple Valley","270370608403"
"Rosemount","270370610032"
"Apple Valley","270370608053"
"Apple Valley","270370608401"
"Burnsville","270370607094"
"Burnsville","270370607543"
"Eagan","270370607314"
"Rosemount","270370610102"
"Burnsville","270370607395"
"Burnsville","270370607531"
"Burnsville","270370607422"
"Hastings","270370611092"
"Empire","270370609073"
"Farmington","270370609073"
"Castle Rock Twp.","270370609053"
"Empire","270370609053"
"Farmington","270370609053"
"Eagan","270370607176"
"Rosemount","270370610093"
"Lakeville","270370608145"
"Hastings","270370611111"
"Nininger Twp.","270370611111"
"Empire","270370610014"
"Empire","270370609052"
"Farmington","270370609052"
"Lakeville","270370608323"
"Greenvale Twp.","270370615023"
"Eagan","270370607522"
"Mendota Heights","270370606052"
"Apple Valley","270370608412"
"Burnsville","270370607394"
"Apple Valley","270370608292"
"Castle Rock Twp.","270370615013"
"Lakeville","270370608364"
"Lakeville","270370608353"
"Lakeville","270370608351"
"Rosemount","270370610101"
"Lakeville","270370608133"
"Burnsville","270370607532"
"Lakeville","270370608372"
"Farmington","270370609063"
"Farmington","270370609074"
"Farmington","270370609023"
"Apple Valley","270370608064"
"Apple Valley","270370608282"
"Apple Valley","270370608124"
"Apple Valley","270370608283"
"Lakeville","270370608301"
"Apple Valley","270370608402"
"Apple Valley","270370608411"
"Apple Valley","270370608413"
"Nininger Twp.","270370610013"
"Lakeville","270370608144"
"Lakeville","270370608322"
"Lakeville","270370608324"
"Marshan Twp.","270370611102"
"Hastings","270370611102"
"Lakeville","270370608341"
"Lakeville","270370608153"
"Inver Grove Heights","270370605061"
"Hastings","270370611112"
"Hastings","270370611121"
"Rosemount","270370610112"
"Rosemount","270370610111"
"Burnsville","270370607373"
"Apple Valley","270370608051"
"Lakeville","270370608194"
"Lakeville","270370608164"
"Lakeville","270370608311"
"Rosemount","270370610074"
"Eagan","270370607283"
"Mendota Heights","270370606043"
"Inver Grove Heights","270370605073"
"Apple Valley","270370608382"
"Apple Valley","270370608114"
"Burnsville","270370607113"
"Eagan","270370607324"
"Eagan","270370607512"
"Burnsville","270370607544"
"Eagan","270370607272"
"Farmington","270370609075"
"Burnsville","270370607372"
"Eagan","270370607323"
"Lakeville","270370608331"
"Lakeville","270370608371"
"Hastings","270370611091"
"Inver Grove Heights","270370605051"
"Lakeville","270370608361"
"Burnsville","270370607455"
"Burnsville","270370607453"
"Lakeville","270370608302"
"Burnsville","270370607423"
"Lakeville","270370608193"
"Lakeville","270370608313"
"Lakeville","270370608365"
"Lakeville","270370608362"
"Inver Grove Heights","270370605053"
"South St. Paul","270370604024"
"Apple Valley","270370608381"
"Marshan Twp.","270370611122"
"Hastings","270370611122"
"Hastings","270370611024"
"Nininger Twp.","270370611024"
"Rosemount","270370610095"
"Apple Valley","270370608383"
"Apple Valley","270370608391"
"Apple Valley","270370608285"
"Apple Valley","270370608284"
"Farmington","270370609022"
"South St. Paul","270370603011"
"Apple Valley","270370608393"
"West St. Paul","270370601044"
"Burnsville","270370607541"
"Apple Valley","270370608233"
"New Trier","270370614024"
"Hampton Twp.","270370614024"
"Empire","270370609044"
"Farmington","270370609044"
"Empire","270370609076"
"Farmington","270370609076"
"Rosemount","270370610094"
"Lakeville","270370608342"
"Burnsville","270370607483"
"Lakeville","270370608352"
"Burnsville","270370607454"
"Inver Grove Heights","270370605064"
"Northfield","270370615022"
"Randolph","270370614022"
"Randolph Twp.","270370614022"
"Mendota Heights","270370606053"
"Eagan","270370607175"
"Apple Valley","270370608392"
"Hampton","270370614023"
"Farmington","270370609062"
"Lakeville","270370608163"
"Lakeville","270370608332"
"Lakeville","270370608312"
"Eagan","270370607311"
"Eagan","270370607293"
"Eagan","270370607273"
"Inver Grove Heights","270370605021"
"Apple Valley","270370608115"
"Eagan","270370607511"
"South St. Paul","270370603024"
"Rosemount","270370610052"
"Rosemount","270370610073"
"Rosemount","270370610091"
"Marshan Twp.","270370611101"
"Hastings","270370611101"
"Lakeville","270370608363"
"Lakeville","270370608321"
"Lakeville","270370608303"
"West St. Paul","270370601012"
"Eagan","270370607173"
